<?xml version="1.0" encoding="UTF-8"?>
<beans xmlns="http://www.springframework.org/schema/beans"
       xmlns:xsi="http://www.w3.org/2001/XMLSchema-instance"
       xsi:schemaLocation="http://www.springframework.org/schema/beans http://www.springframework.org/schema/beans/spring-beans.xsd">
       
    <bean id="jndiTemplate" class="org.springframework.jndi.JndiTemplate">
        <property name="environment">
            <props>
                <prop key="java.naming.factory.initial">
                    com.tibco.tibjms.naming.TibjmsInitialContextFactory
                </prop>
                <prop key="java.naming.provider.url">
                    tibjmsnaming://gftsint.nam.nsroot.net:7222
                </prop>
            </props>
        </property>
    </bean>
    
    <bean id="jmsTemplateEreconEvent" class="org.springframework.jms.core.JmsTemplate">
        <property name="connectionFactory" ref="topicConnectionFactory"/>
        <property name="messageConverter">
            <bean class="com.citi.gfts.genesis.framework.jms.messageconverter.EReconEventMessageConverter"></bean>
        </property>
    </bean>
    
    <!-- Connection Factories -->   
    <bean id="topicConnectionFactory" class="org.springframework.jndi.JndiObjectFactoryBean">
        <property name="jndiTemplate" ref="jndiTemplate"/>
        <property name="jndiName" value="citi.cibtech.na.genesis_dev_163186.TopicCF"/>
    </bean>


    <bean id="queueConnectionFactory" class="org.springframework.jndi.JndiObjectFactoryBean">
        <property name="jndiTemplate" ref="jndiTemplate"/>
        <property name="jndiName" value="citi.cibtech.na.genesis_dev_163186.QueueCF"/>
    </bean>
    
    
    <!--TOPICS -->
    <bean id="inboundFeedsStatusTopic" class="com.tibco.tibjms.TibjmsTopic">
        <constructor-arg value="citi.gfts.na.genesis_163186.INBOUND_FEEDS_STATUS_TOPIC"/>
    </bean>

    <bean id="outboundFeedsStatusTopic" class="com.tibco.tibjms.TibjmsTopic">
        <constructor-arg value="citi.gfts.na.genesis_163186.OUTBOUND_FEEDS_STATUS_TOPIC"/>
    </bean>

    <bean id="processControlEventsTopic" class="com.tibco.tibjms.TibjmsTopic">
        <constructor-arg value="citi.gfts.na.genesis_163186.PROCESS_CONTROL"/>
    </bean>

    <bean id="metadataUpdatesTopic" class="com.tibco.tibjms.TibjmsTopic">
        <constructor-arg value="citi.gfts.na.genesis_163186.METADATA_UPDATES_TOPIC"/>
    </bean>

    <bean id="glReconStatsTopic" class="com.tibco.tibjms.TibjmsTopic">
        <constructor-arg value="citi.gfts.na.genesis_163186.GL_RECON_STATS_TOPIC"/>
    </bean>

    <bean id="bpmOutboundTopic" class="com.tibco.tibjms.TibjmsTopic">
        <constructor-arg value="citi.gfts.na.genesis_163186.BPM_OUTBOUND_TOPIC"/>
    </bean>

    <bean id="testTopic" class="com.tibco.tibjms.TibjmsTopic">
        <constructor-arg value="citi.gfts.na.genesis_163186.TEST_TOPIC"/>
    </bean>

    <!-- QUEUE -->
    <bean id="testQueue" class="com.tibco.tibjms.TibjmsTopic">
        <constructor-arg value="citi.gfts.na.genesis_163186.TEST_QUEUE"/>
    </bean>

    <bean id="bpmInboundQueue" class="com.tibco.tibjms.TibjmsTopic">
        <constructor-arg value="citi.gfts.na.genesis_163186.BPM_INBOUND_QUEUE"/>
    </bean>
    
    <!-- Publishers --> 
     <!-- Using this for Download -->
    <bean id="ereconEventPublisher" class="com.citi.gfts.genesis.framework.jms.publisher.EReconEventPublisher">
        <property name="jmsTemplate" ref="jmsTemplateEreconEvent"/>
        <property name="destination" ref="bpmOutboundTopic"/>
    </bean>
    
    <!-- Using this for Upload -->
    <bean id="testTopicPublisher" class="com.citi.gfts.genesis.framework.jms.publisher.EReconEventPublisher">
        <property name="jmsTemplate" ref="jmsTemplateEreconEvent"/>
        <property name="destination" ref="testTopic"/>
    </bean>

</beans>
