<?xml version="1.0" encoding="UTF-8"?>
<beans xmlns="http://www.springframework.org/schema/beans"
       xmlns:xsi="http://www.w3.org/2001/XMLSchema-instance"
       xsi:schemaLocation="http://www.springframework.org/schema/beans http://www.springframework.org/schema/beans/spring-beans.xsd">

    <bean id="jndiTemplate" class="org.springframework.jndi.JndiTemplate">
    </bean>

	<!-- Connection Factories -->   
    <bean id="topicConnectionFactory" class="org.springframework.jndi.JndiObjectFactoryBean">
        <property name="jndiTemplate" ref="jndiTemplate"/>
        <property name="jndiName" value="jms/GENESISTopicCF"/>
    </bean>
    
    <bean id="queueConnectionFactory" class="org.springframework.jndi.JndiObjectFactoryBean">
        <property name="jndiTemplate" ref="jndiTemplate"/>
        <property name="jndiName" value="jms/GENESISQueueCF"/>
    </bean>

    <!-- JMS Message Converters -->
    <bean id="jmsTemplateEreconEvent" class="org.springframework.jms.core.JmsTemplate">
        <property name="connectionFactory" ref="queueConnectionFactory"/>
        <property name="messageConverter">
            <bean class="com.citi.gfts.genesis.framework.jms.messageconverter.EReconEventMessageConverter"></bean>
        </property>
    </bean>

    <!--Topics -->
    <bean id="testTopic" class="org.springframework.jndi.JndiObjectFactoryBean">
		<property name="jndiTemplate" ref="jndiTemplate"/>
		<property name="jndiName" value="jms/TestTopic"/>
	</bean>
	
	<bean id="bpmOutboundTopic" class="org.springframework.jndi.JndiObjectFactoryBean">
		<property name="jndiTemplate" ref="jndiTemplate"/>
		<property name="jndiName" value="jms/TopicOutboundFeeds"/>
	</bean>
	
	<bean id="adhocDownloadQueue" class="org.springframework.jndi.JndiObjectFactoryBean">
		<property name="jndiTemplate" ref="jndiTemplate"/>
		<property name="jndiName" value="jms/QueueDownloadSys"/>
	</bean>
	
	<bean id="downloadQueue" class="org.springframework.jndi.JndiObjectFactoryBean">
		<property name="jndiTemplate" ref="jndiTemplate"/>
		<property name="jndiName" value="jms/QueueDownload"/>
	</bean>
	
	<bean id="uploadQueue" class="org.springframework.jndi.JndiObjectFactoryBean">
		<property name="jndiTemplate" ref="jndiTemplate"/>
		<property name="jndiName" value="jms/QueueUpload"/>
	</bean>
	
	<bean id="feedUploadQueue" class="org.springframework.jndi.JndiObjectFactoryBean">
		<property name="jndiTemplate" ref="jndiTemplate"/>
		<property name="jndiName" value="jms/QueueUploadSys"/>
	</bean>
	
	<bean id="glloadQueue" class="org.springframework.jndi.JndiObjectFactoryBean">
		<property name="jndiTemplate" ref="jndiTemplate"/>
		<property name="jndiName" value="jms/QueueGlload"/>
	</bean>
    
    <!-- Publishers -->
    <bean id="ereconEventPublisher" class="com.citi.gfts.genesis.framework.jms.publisher.EReconEventPublisher">
        <property name="jmsTemplate" ref="jmsTemplateEreconEvent"/>
        <property name="destination" ref="downloadQueue"/>
    </bean>
    
    <!-- Using this for Upload -->
    <bean id="testTopicPublisher" class="com.citi.gfts.genesis.framework.jms.publisher.EReconEventPublisher">
        <property name="jmsTemplate" ref="jmsTemplateEreconEvent"/>
        <property name="destination" ref="uploadQueue"/>
    </bean>
    
     <!-- Using this for Feed Load Upload -->
    <bean id="ereconFeedLoadEventPublisher" class="com.citi.gfts.genesis.framework.jms.publisher.EReconEventPublisher">
        <property name="jmsTemplate" ref="jmsTemplateEreconEvent"/>
        <property name="destination" ref="feedUploadQueue"/>
    </bean>
    
    <!-- Publishers -->
    
     <!-- Using this for Adhoc Download -->
    <bean id="ereconAdhocEventPublisher" class="com.citi.gfts.genesis.framework.jms.publisher.EReconEventPublisher">
        <property name="jmsTemplate" ref="jmsTemplateEreconEvent"/>
        <property name="destination" ref="adhocDownloadQueue"/>
    </bean>
    
    <!-- Not used currently -->
    <!-- <bean id="genesisEventPublisher" class="com.citi.gfts.genesis.framework.jms.publisher.GenesisEventPublisher">
        <property name="jmsTemplate" ref="jmsTemplate"/>
        <property name="destination" ref="processControlEventsTopic"/>
    </bean> -->
    
    <!-- Not used in erecon -->
   <!--  <bean id="inboundFeedsStatusTopic" class="org.springframework.jndi.JndiObjectFactoryBean">
        <property name="jndiTemplate" ref="jndiTemplate"/>
        <property name="jndiName" value="jms/TopicInboundFeeds"/>
    </bean> -->

	<!-- Not used in erecon -->
    <!-- <bean id="processControlEventsTopic" class="org.springframework.jndi.JndiObjectFactoryBean">
        <property name="jndiTemplate" ref="jndiTemplate"/>
        <property name="jndiName" value="jms/TopicProcessControlEvents"/>
    </bean> -->

	<!-- Not used in erecon -->
    <!-- <bean id="jmsContainer" class="org.springframework.jms.listener.DefaultMessageListenerContainer">
        <property name="connectionFactory" ref="topicConnectionFactory"/>
        <property name="destination" ref="inboundFeedsStatusTopic"/>
        <property name="messageListener" ref="inboundFeedsStatusListener"/>
    </bean> -->

	<!-- Not used in erecon -->
    <!-- <bean id="jmsTemplate" class="org.springframework.jms.core.JmsTemplate">
        <property name="connectionFactory" ref="topicConnectionFactory"/>
        <property name="messageConverter">
            <bean class="com.citi.gfts.genesis.framework.jms.messageconverter.GenesisEventMessageConverter"></bean>
        </property>
    </bean> -->
</beans>
