<?xml version="1.0" encoding="UTF-8"?>
<beans xmlns="http://www.springframework.org/schema/beans"
       xmlns:xsi="http://www.w3.org/2001/XMLSchema-instance"
       xmlns:context="http://www.springframework.org/schema/context"
       xsi:schemaLocation="http://www.springframework.org/schema/context http://www.springframework.org/schema/context/spring-context-3.0.xsd 
       http://www.springframework.org/schema/beans http://www.springframework.org/schema/beans/spring-beans-3.0.xsd">

    <context:property-placeholder location="classpath:db-fbb.properties"/>
    <!-- BoneCP configuration -->
    <!-- lazyInit property specified as true b/s we use jdbcDataSource as fallback solution -->

    <bean id="dataSource"
          class="org.springframework.jdbc.datasource.LazyConnectionDataSourceProxy">
        <property name="targetDataSource">
            <ref local="mainDataSource"/>
        </property>
    </bean>

    <bean id="mainDataSource"
          class="com.jolbox.bonecp.BoneCPDataSource"
          destroy-method="close"
          lazy-init="true">
        <property name="driverClass" value="${jdbc.driverClassName}"/>
        <property name="jdbcUrl" value="${jdbc.jdbcUrl}"/>
        <property name="username" value="${jdbc.username}"/>
        <property name="password" value="${jdbc.password}"/>
        <property name="minConnectionsPerPartition" value="5"/>
        <property name="maxConnectionsPerPartition" value="10"/>
        <property name="partitionCount" value="1"/>
    </bean>

</beans>
