<?xml version="1.0" encoding="UTF-8"?>
<beans xmlns="http://www.springframework.org/schema/beans"
       xmlns:xsi="http://www.w3.org/2001/XMLSchema-instance" xmlns:jee="http://www.springframework.org/schema/jee"
       xsi:schemaLocation="http://www.springframework.org/schema/beans http://www.springframework.org/schema/beans/spring-beans.xsd http://www.springframework.org/schema/jee http://www.springframework.org/schema/jee/spring-jee-3.0.xsd">

    <bean id="dbApplicationConfig" class="com.citi.gfts.erecon.common.db.DbMap">
        <property name="dataSource" ref="dataSource"/>
        <property name="cache" value="false"/>
        <!-- if neede to override database values with local file -->
        <property name="overrideMapWithFileInClasspath" value="dbenvoverride.properties"/>
        <property name="simpleQuery">
            <value>
                SELECT VALUE FROM APP_APPLICATIONCONFIG
                WHERE parameter = ?
                and active_flag='Y'
            </value>
        </property>
        <property name="cachedQuery">
            <value>
                SELECT parameter, value FROM APP_APPLICATIONCONFIG where active_flag='Y';
            </value>
        </property>
    </bean>

</beans>
