<?xml version="1.0" encoding="UTF-8"?>
<!DOCTYPE generatorConfiguration
        PUBLIC "-//mybatis.org//DTD MyBatis Generator Configuration 1.0//EN"
        "http://mybatis.org/dtd/mybatis-generator-config_1_0.dtd">

<generatorConfiguration>
    <classPathEntry location="WebContent/WEB-INF/lib/ojdbc6.jar"/>

    <context id="EreconTable" targetRuntime="MyBatis3">

        <commentGenerator>
            <property name="suppressAllComments" value="true"/>
        </commentGenerator>

        <jdbcConnection driverClass="oracle.jdbc.OracleDriver"
                        connectionURL="jdbc:oracle:thin:@erpstedbupg01.nam.nsroot.net:11000:ERCNDVG1"
                        userId="ERECON"
                        password="ERECON829">
        </jdbcConnection>

        <javaTypeResolver>
            <property name="forceBigDecimals" value="false"/>
        </javaTypeResolver>

        <javaModelGenerator targetPackage="com.citi.gfts.erecon.persistence.domain"
                            targetProject="src">
            <property name="enableSubPackages" value="true"/>
            <property name="trimStrings" value="true"/>
        </javaModelGenerator>

        <sqlMapGenerator targetPackage="com.citi.gfts.erecon.persistence.mapper" targetProject="resources">
            <property name="enableSubPackages" value="true"/>
        </sqlMapGenerator>

        <!-- ANNOTATEDMAPPER, MIXEDMAPPER, XMLMAPPER -->
        <javaClientGenerator type="MIXEDMAPPER"
                             targetPackage="com.citi.gfts.erecon.persistence.mapper"
                             targetProject="src">
            <property name="enableSubPackages" value="true"/>
        </javaClientGenerator>


        <table tableName="APP_APPLICATIONCONFIG" domainObjectName="ApplicationConfig">
            <property name="useActualColumnNames" value="false"/>
        </table>
        <table tableName="mnu_menugrp_lu" domainObjectName="EReconGroup">
            <property name="useActualColumnNames" value="false"/>
        </table>
        <table tableName="rcn_mgruser_x" domainObjectName="EReconUser">
            <property name="useActualColumnNames" value="false"/>
        </table>

    </context>
</generatorConfiguration>
