<?xml version="1.0" encoding="UTF-8"?>
<beans xmlns="http://www.springframework.org/schema/beans"
       xmlns:aop="http://www.springframework.org/schema/aop"
       xmlns:xsi="http://www.w3.org/2001/XMLSchema-instance"
       xmlns:context="http://www.springframework.org/schema/context" xmlns:tx="http://www.springframework.org/schema/tx"
       xsi:schemaLocation="http://www.springframework.org/schema/beans
		http://www.springframework.org/schema/beans/spring-beans-3.1.xsd
		http://www.springframework.org/schema/context
		http://www.springframework.org/schema/context/spring-context-3.1.xsd
		http://www.springframework.org/schema/aop
		http://www.springframework.org/schema/aop/spring-aop-3.1.xsd http://www.springframework.org/schema/tx http://www.springframework.org/schema/tx/spring-tx.xsd">

    <import resource="beans.xml"/>

    <import resource="local/datasource.xml"/>
    <import resource="local/dbmaps.xml"/>

    <import resource="mybatis-config.xml"/>
    <import resource="jms/jms.xml"/>

    <!--<tx:jta-transaction-manager />-->
    <tx:annotation-driven/>

    <context:annotation-config/>
    <context:component-scan base-package="com.citi.gfts.erecon"/>

    <aop:aspectj-autoproxy/>

</beans>
